DROP TABLE IF EXISTS "items";

CREATE TABLE "items" (
  id integer NULL,
  user_id integer NULL,
  name TEXT default NULL,
  description TEXT default NULL,
  price decimal(10,2) default NULL
);

INSERT INTO "items" (id,user_id,name,description,price) VALUES (1,7,'odio. Nam','Lorem ipsum dolor sit amet, consectetuer','8.27'),(2,8,'Cras sed','Lorem ipsum dolor sit amet, consectetuer adipiscing elit.','8.60'),(3,4,'ipsum','Lorem ipsum dolor sit amet, consectetuer adipiscing elit. Curabitur sed tortor. Integer aliquam adipiscing','9.13'),(4,6,'fermentum fermentum','Lorem ipsum dolor sit amet, consectetuer adipiscing elit. Curabitur','7.65'),(5,3,'metus urna convallis','Lorem ipsum dolor sit amet, consectetuer adipiscing elit. Curabitur sed tortor. Integer aliquam adipiscing','6.46'),(6,10,'turpis egestas. Aliquam','Lorem ipsum dolor sit amet, consectetuer','4.28'),(7,8,'elit, a feugiat','Lorem ipsum dolor sit amet, consectetuer adipiscing','5.17'),(8,10,'nisi','Lorem ipsum dolor sit amet, consectetuer adipiscing elit. Curabitur sed tortor. Integer aliquam adipiscing lacus. Ut','4.68'),(9,9,'blandit.','Lorem ipsum dolor sit amet, consectetuer adipiscing elit. Curabitur','6.66'),(10,8,'Curabitur egestas nunc','Lorem ipsum dolor sit amet, consectetuer adipiscing elit. Curabitur sed tortor. Integer aliquam adipiscing lacus. Ut nec','6.60');
INSERT INTO "items" (id,user_id,name,description,price) VALUES (11,9,'et,','Lorem ipsum dolor sit amet, consectetuer adipiscing elit. Curabitur sed tortor. Integer aliquam adipiscing lacus.','2.32'),(12,5,'Aliquam','Lorem ipsum dolor sit amet,','6.44'),(13,7,'nisi sem','Lorem ipsum dolor sit amet, consectetuer adipiscing elit. Curabitur sed tortor. Integer aliquam adipiscing lacus. Ut nec','8.36'),(14,8,'sapien molestie orci','Lorem ipsum dolor sit amet, consectetuer adipiscing elit. Curabitur sed','8.26'),(15,3,'non','Lorem ipsum dolor sit amet, consectetuer adipiscing elit. Curabitur sed','6.99'),(16,3,'id','Lorem ipsum dolor sit amet, consectetuer adipiscing elit.','1.25'),(17,10,'Sed neque.','Lorem ipsum dolor sit amet, consectetuer adipiscing elit. Curabitur sed tortor. Integer aliquam adipiscing lacus.','1.43'),(18,9,'Quisque libero lacus,','Lorem ipsum dolor sit amet,','6.61'),(19,3,'tortor nibh sit','Lorem ipsum dolor sit amet, consectetuer adipiscing elit.','7.98'),(20,5,'ultricies sem','Lorem ipsum dolor sit amet, consectetuer adipiscing elit. Curabitur sed tortor. Integer aliquam adipiscing lacus. Ut nec urna et arcu','8.86');
INSERT INTO "items" (id,user_id,name,description,price) VALUES (21,3,'mauris','Lorem ipsum dolor sit amet, consectetuer adipiscing elit. Curabitur sed tortor. Integer aliquam adipiscing','6.57'),(22,3,'ultricies','Lorem ipsum dolor sit amet, consectetuer adipiscing elit. Curabitur sed tortor. Integer aliquam adipiscing lacus. Ut nec','0.28'),(23,8,'Curae; Donec tincidunt.','Lorem ipsum dolor sit amet, consectetuer adipiscing','1.04'),(24,9,'suscipit, est','Lorem ipsum dolor sit amet,','4.75'),(25,2,'imperdiet ornare.','Lorem ipsum dolor sit amet, consectetuer adipiscing','6.02'),(26,7,'mauris erat','Lorem ipsum dolor sit amet, consectetuer adipiscing elit. Curabitur sed tortor. Integer aliquam adipiscing lacus. Ut nec urna et arcu','1.32'),(27,5,'lobortis risus. In','Lorem ipsum dolor sit amet,','4.52'),(28,10,'nisl elementum purus,','Lorem ipsum dolor sit amet, consectetuer adipiscing elit. Curabitur sed tortor. Integer aliquam adipiscing lacus. Ut nec urna et arcu','0.22'),(29,3,'mi enim, condimentum','Lorem ipsum dolor sit amet, consectetuer adipiscing elit. Curabitur sed','9.70'),(30,4,'penatibus','Lorem ipsum dolor sit amet, consectetuer adipiscing','1.69');
INSERT INTO "items" (id,user_id,name,description,price) VALUES (31,9,'bibendum ullamcorper. Duis','Lorem ipsum dolor sit amet, consectetuer adipiscing elit. Curabitur sed','3.98'),(32,2,'consectetuer adipiscing','Lorem ipsum dolor sit amet, consectetuer adipiscing elit. Curabitur sed tortor. Integer aliquam adipiscing lacus. Ut nec urna et','2.01'),(33,3,'enim non','Lorem ipsum dolor sit amet,','3.55'),(34,2,'ut dolor dapibus','Lorem ipsum dolor sit amet, consectetuer adipiscing elit. Curabitur sed tortor. Integer aliquam adipiscing','9.97'),(35,2,'Nam nulla magna,','Lorem ipsum dolor sit amet, consectetuer adipiscing elit. Curabitur sed tortor. Integer aliquam adipiscing','5.72'),(36,2,'dolor,','Lorem ipsum dolor sit amet, consectetuer adipiscing elit. Curabitur sed tortor. Integer aliquam adipiscing','8.24'),(37,9,'est.','Lorem ipsum dolor sit amet, consectetuer adipiscing elit. Curabitur sed tortor. Integer aliquam','6.89'),(38,8,'justo.','Lorem ipsum dolor sit amet, consectetuer adipiscing elit. Curabitur sed tortor. Integer aliquam adipiscing lacus. Ut nec urna et arcu','1.80'),(39,9,'Cras interdum.','Lorem ipsum dolor sit amet, consectetuer adipiscing elit. Curabitur sed tortor. Integer','3.25'),(40,10,'posuere cubilia','Lorem ipsum dolor sit amet, consectetuer adipiscing elit. Curabitur sed tortor. Integer aliquam adipiscing lacus. Ut nec urna et','5.10');
INSERT INTO "items" (id,user_id,name,description,price) VALUES (41,7,'et ultrices posuere','Lorem ipsum dolor sit amet,','7.12'),(42,10,'Morbi','Lorem ipsum dolor sit amet, consectetuer adipiscing elit. Curabitur sed tortor. Integer aliquam adipiscing lacus. Ut nec urna et','4.79'),(43,4,'elit erat vitae','Lorem ipsum dolor sit amet, consectetuer adipiscing elit. Curabitur','5.19'),(44,2,'erat, eget','Lorem ipsum dolor sit amet, consectetuer adipiscing elit. Curabitur sed tortor. Integer','1.47'),(45,1,'Cum','Lorem ipsum dolor sit amet, consectetuer adipiscing elit. Curabitur sed','1.37'),(46,9,'magna. Cras convallis','Lorem ipsum dolor sit amet, consectetuer adipiscing elit. Curabitur sed tortor. Integer aliquam adipiscing','2.10'),(47,6,'leo.','Lorem ipsum dolor sit amet, consectetuer adipiscing elit. Curabitur sed tortor. Integer aliquam adipiscing lacus.','4.10'),(48,4,'rhoncus. Nullam','Lorem ipsum dolor sit amet, consectetuer adipiscing elit. Curabitur sed tortor. Integer aliquam adipiscing lacus. Ut nec urna et','8.13'),(49,2,'In tincidunt','Lorem ipsum dolor sit amet, consectetuer','5.58'),(50,7,'amet luctus vulputate,','Lorem ipsum dolor sit amet, consectetuer adipiscing elit. Curabitur sed tortor. Integer aliquam adipiscing lacus. Ut nec urna et','5.90');
INSERT INTO "items" (id,user_id,name,description,price) VALUES (51,4,'vitae, sodales at,','Lorem ipsum dolor sit amet, consectetuer adipiscing','1.12'),(52,1,'Curabitur','Lorem ipsum dolor sit amet,','7.69'),(53,4,'Nam interdum enim','Lorem ipsum dolor sit amet, consectetuer adipiscing elit. Curabitur sed','7.26'),(54,7,'cursus','Lorem ipsum dolor sit amet, consectetuer adipiscing elit. Curabitur sed tortor. Integer aliquam adipiscing lacus. Ut','1.15'),(55,7,'Integer id magna','Lorem ipsum dolor sit amet, consectetuer adipiscing elit. Curabitur sed tortor. Integer aliquam adipiscing lacus.','2.12'),(56,3,'orci luctus et','Lorem ipsum dolor sit amet, consectetuer adipiscing elit. Curabitur sed tortor. Integer aliquam adipiscing lacus.','9.31'),(57,2,'Nulla eget metus','Lorem ipsum dolor sit amet, consectetuer','2.13'),(58,6,'vitae','Lorem ipsum dolor sit amet, consectetuer adipiscing elit. Curabitur sed tortor. Integer aliquam adipiscing lacus. Ut nec urna et','8.88'),(59,8,'varius ultrices,','Lorem ipsum dolor sit amet, consectetuer adipiscing elit. Curabitur sed tortor. Integer aliquam adipiscing lacus. Ut','2.26'),(60,4,'Nunc mauris','Lorem ipsum dolor sit amet, consectetuer adipiscing elit. Curabitur sed tortor. Integer aliquam','0.44');
INSERT INTO "items" (id,user_id,name,description,price) VALUES (61,1,'mauris. Morbi non','Lorem ipsum dolor sit amet, consectetuer adipiscing elit. Curabitur sed tortor. Integer aliquam adipiscing','9.90'),(62,8,'dolor, tempus','Lorem ipsum dolor sit amet, consectetuer adipiscing elit. Curabitur sed tortor. Integer','7.76'),(63,2,'adipiscing ligula.','Lorem ipsum dolor sit amet, consectetuer adipiscing elit. Curabitur sed tortor. Integer aliquam adipiscing lacus.','4.48'),(64,7,'venenatis','Lorem ipsum dolor sit amet, consectetuer adipiscing elit. Curabitur sed tortor.','3.28'),(65,6,'placerat, augue. Sed','Lorem ipsum dolor sit amet, consectetuer adipiscing elit. Curabitur sed tortor. Integer aliquam adipiscing lacus. Ut nec urna','7.35'),(66,5,'nec','Lorem ipsum dolor sit amet, consectetuer adipiscing elit. Curabitur sed tortor. Integer aliquam adipiscing lacus. Ut nec urna','5.58'),(67,2,'ipsum nunc','Lorem ipsum dolor sit amet, consectetuer adipiscing','2.87'),(68,8,'velit','Lorem ipsum dolor sit amet, consectetuer adipiscing elit. Curabitur sed tortor. Integer aliquam adipiscing lacus. Ut nec urna','8.72'),(69,7,'tristique','Lorem ipsum dolor sit amet, consectetuer adipiscing elit. Curabitur sed tortor. Integer aliquam adipiscing lacus. Ut nec urna et arcu','9.81'),(70,2,'Vivamus rhoncus.','Lorem ipsum dolor sit amet, consectetuer adipiscing elit. Curabitur sed tortor.','5.31');
INSERT INTO "items" (id,user_id,name,description,price) VALUES (71,7,'eu tempor','Lorem ipsum dolor sit amet, consectetuer adipiscing elit. Curabitur sed tortor. Integer aliquam adipiscing','0.49'),(72,5,'vehicula. Pellentesque tincidunt','Lorem ipsum dolor sit amet, consectetuer','7.65'),(73,10,'ante ipsum','Lorem ipsum dolor sit amet, consectetuer adipiscing elit. Curabitur sed','7.08'),(74,10,'Aenean sed','Lorem ipsum dolor sit amet, consectetuer adipiscing elit. Curabitur sed','1.47'),(75,6,'lacinia vitae,','Lorem ipsum dolor sit amet, consectetuer adipiscing elit. Curabitur sed tortor.','9.67'),(76,4,'Sed dictum.','Lorem ipsum dolor sit amet, consectetuer adipiscing elit. Curabitur sed tortor. Integer','7.27'),(77,4,'magna et','Lorem ipsum dolor sit amet, consectetuer adipiscing elit. Curabitur sed tortor. Integer','6.07'),(78,10,'ridiculus','Lorem ipsum dolor sit amet, consectetuer adipiscing elit. Curabitur sed tortor. Integer aliquam adipiscing lacus. Ut nec','7.46'),(79,10,'Maecenas','Lorem ipsum dolor sit amet, consectetuer adipiscing elit. Curabitur sed','8.42'),(80,9,'ligula. Aenean euismod','Lorem ipsum dolor sit amet, consectetuer adipiscing elit. Curabitur sed tortor. Integer aliquam adipiscing lacus.','1.89');
INSERT INTO "items" (id,user_id,name,description,price) VALUES (81,7,'ac nulla. In','Lorem ipsum dolor sit amet, consectetuer adipiscing elit. Curabitur sed tortor. Integer aliquam adipiscing lacus.','4.69'),(82,2,'bibendum fermentum metus.','Lorem ipsum dolor sit amet, consectetuer adipiscing elit. Curabitur sed tortor. Integer aliquam adipiscing lacus. Ut nec','6.43'),(83,6,'non, feugiat','Lorem ipsum dolor sit amet, consectetuer adipiscing elit. Curabitur sed tortor. Integer aliquam adipiscing lacus. Ut nec urna et','2.52'),(84,6,'Donec tempor,','Lorem ipsum dolor sit amet, consectetuer','9.27'),(85,5,'nonummy ut,','Lorem ipsum dolor sit amet, consectetuer','1.04'),(86,3,'molestie arcu. Sed','Lorem ipsum dolor sit amet, consectetuer adipiscing elit. Curabitur sed tortor. Integer aliquam adipiscing lacus. Ut nec urna et arcu','3.66'),(87,2,'libero et tristique','Lorem ipsum dolor sit amet, consectetuer adipiscing elit. Curabitur sed tortor. Integer aliquam adipiscing lacus. Ut nec','9.55'),(88,5,'vulputate, posuere vulputate,','Lorem ipsum dolor sit amet, consectetuer adipiscing elit.','5.05'),(89,10,'arcu. Vestibulum ut','Lorem ipsum dolor sit amet, consectetuer adipiscing elit. Curabitur sed tortor. Integer aliquam adipiscing lacus.','0.19'),(90,9,'turpis','Lorem ipsum dolor sit amet, consectetuer adipiscing elit. Curabitur sed tortor. Integer aliquam adipiscing lacus.','7.40');
INSERT INTO "items" (id,user_id,name,description,price) VALUES (91,7,'ultrices, mauris','Lorem ipsum dolor sit amet,','7.33'),(92,4,'malesuada malesuada.','Lorem ipsum dolor sit amet, consectetuer adipiscing','9.73'),(93,4,'sagittis semper. Nam','Lorem ipsum dolor sit amet, consectetuer adipiscing elit. Curabitur sed','6.78'),(94,9,'pede','Lorem ipsum dolor sit amet, consectetuer adipiscing elit. Curabitur sed tortor. Integer aliquam adipiscing lacus. Ut nec urna','1.52'),(95,4,'ac,','Lorem ipsum dolor sit amet, consectetuer adipiscing elit. Curabitur','0.09'),(96,5,'sapien.','Lorem ipsum dolor sit amet, consectetuer adipiscing elit. Curabitur','7.89'),(97,7,'Pellentesque','Lorem ipsum dolor sit amet, consectetuer adipiscing elit.','1.92'),(98,9,'sapien molestie orci','Lorem ipsum dolor sit amet, consectetuer','3.00'),(99,8,'enim nisl','Lorem ipsum dolor sit amet, consectetuer adipiscing elit. Curabitur sed','6.56'),(100,2,'erat','Lorem ipsum dolor sit amet, consectetuer adipiscing elit.','0.95');

CREATE TABLE orders (
  id integer NULL,
  user_id integer NULL
);

INSERT INTO orders (id,user_id) VALUES (1,45),(2,96),(3,87),(4,42),(5,67),(6,86),(7,20),(8,68),(9,5),(10,42);
INSERT INTO orders (id,user_id) VALUES (11,50),(12,85),(13,85),(14,100),(15,46),(16,16),(17,99),(18,47),(19,92),(20,97);
INSERT INTO orders (id,user_id) VALUES (21,33),(22,46),(23,65),(24,38),(25,7),(26,10),(27,98),(28,57),(29,37),(30,42);
INSERT INTO orders (id,user_id) VALUES (31,23),(32,69),(33,62),(34,76),(35,9),(36,7),(37,54),(38,21),(39,30),(40,52);
INSERT INTO orders (id,user_id) VALUES (41,99),(42,74),(43,48),(44,77),(45,38),(46,100),(47,79),(48,55),(49,28),(50,89);
INSERT INTO orders (id,user_id) VALUES (51,38),(52,22),(53,97),(54,73),(55,13),(56,46),(57,42),(58,89),(59,44),(60,6);
INSERT INTO orders (id,user_id) VALUES (61,25),(62,65),(63,61),(64,74),(65,52),(66,24),(67,98),(68,66),(69,83),(70,57);
INSERT INTO orders (id,user_id) VALUES (71,50),(72,23),(73,38),(74,45),(75,41),(76,29),(77,48),(78,70),(79,40),(80,40);
INSERT INTO orders (id,user_id) VALUES (81,22),(82,24),(83,6),(84,23),(85,71),(86,31),(87,77),(88,95),(89,100),(90,10);
INSERT INTO orders (id,user_id) VALUES (91,26),(92,95),(93,95),(94,89),(95,92),(96,59),(97,42),(98,100),(99,66),(100,80);

CREATE TABLE purchases (
  id integer NULL,
  order_id integer NULL,
  item_id integer NULL,
  created_at varchar(255)
);

INSERT INTO purchases (id,order_id,item_id,created_at) VALUES (1,6,19,'2016-10-19T10:02:54-07:00'),(2,64,79,'2016-05-29T08:14:01-07:00'),(3,76,26,'2016-10-07T22:52:35-07:00'),(4,49,39,'2016-05-18T21:32:56-07:00'),(5,26,55,'2017-03-28T12:41:42-07:00'),(6,93,91,'2017-04-06T06:10:01-07:00'),(7,64,89,'2016-10-24T12:32:41-07:00'),(8,62,53,'2016-10-07T17:29:49-07:00'),(9,40,39,'2016-12-16T12:21:09-08:00'),(10,76,79,'2017-05-14T02:59:45-07:00');
INSERT INTO purchases (id,order_id,item_id,created_at) VALUES (11,58,53,'2016-10-25T04:55:57-07:00'),(12,73,59,'2016-10-22T09:16:24-07:00'),(13,31,88,'2015-09-03T18:53:47-07:00'),(14,87,26,'2016-06-20T04:58:26-07:00'),(15,25,77,'2016-12-24T23:33:09-08:00'),(16,10,78,'2017-04-17T21:30:19-07:00'),(17,59,77,'2016-10-26T20:40:47-07:00'),(18,54,48,'2016-07-23T06:47:25-07:00'),(19,32,58,'2016-12-02T09:53:54-08:00'),(20,39,12,'2015-08-30T05:00:18-07:00');
INSERT INTO purchases (id,order_id,item_id,created_at) VALUES (21,79,44,'2015-05-28T20:21:34-07:00'),(22,65,74,'2015-09-28T06:28:54-07:00'),(23,81,20,'2015-08-04T09:07:00-07:00'),(24,72,58,'2016-07-01T22:22:50-07:00'),(25,85,1,'2016-09-24T09:17:27-07:00'),(26,88,92,'2016-04-26T00:03:53-07:00'),(27,49,95,'2015-08-03T19:26:01-07:00'),(28,45,24,'2017-02-12T16:33:40-08:00'),(29,24,65,'2016-01-08T02:50:34-08:00'),(30,90,90,'2016-06-16T17:19:35-07:00');
INSERT INTO purchases (id,order_id,item_id,created_at) VALUES (31,78,26,'2016-11-27T17:54:51-08:00'),(32,9,41,'2015-12-05T03:31:29-08:00'),(33,64,52,'2016-06-30T12:20:02-07:00'),(34,21,100,'2016-06-02T06:38:02-07:00'),(35,19,85,'2016-03-26T03:26:27-07:00'),(36,58,28,'2017-02-13T13:30:15-08:00'),(37,89,89,'2016-07-24T16:05:20-07:00'),(38,31,11,'2017-05-02T19:15:51-07:00'),(39,39,85,'2015-12-21T23:02:00-08:00'),(40,77,56,'2017-04-25T00:07:23-07:00');
INSERT INTO purchases (id,order_id,item_id,created_at) VALUES (41,98,38,'2015-07-08T14:37:32-07:00'),(42,24,85,'2016-01-01T06:36:21-08:00'),(43,94,12,'2015-06-10T18:03:04-07:00'),(44,50,4,'2016-07-28T03:35:51-07:00'),(45,32,49,'2015-06-14T06:49:38-07:00'),(46,91,95,'2017-02-02T05:48:16-08:00'),(47,8,78,'2017-02-17T20:35:46-08:00'),(48,26,89,'2015-07-20T18:55:35-07:00'),(49,97,14,'2016-05-04T10:42:35-07:00'),(50,21,95,'2015-11-25T05:27:20-08:00');
INSERT INTO purchases (id,order_id,item_id,created_at) VALUES (51,74,60,'2015-11-05T12:53:35-08:00'),(52,83,81,'2015-07-14T15:26:49-07:00'),(53,30,62,'2016-09-08T05:53:49-07:00'),(54,64,82,'2016-02-07T02:33:04-08:00'),(55,73,19,'2016-04-14T18:44:21-07:00'),(56,42,90,'2016-09-14T14:14:54-07:00'),(57,60,33,'2016-03-20T22:37:04-07:00'),(58,8,14,'2017-04-28T18:18:08-07:00'),(59,94,1,'2015-11-11T11:44:08-08:00'),(60,88,50,'2015-07-26T20:10:57-07:00');
INSERT INTO purchases (id,order_id,item_id,created_at) VALUES (61,72,26,'2016-12-07T12:12:58-08:00'),(62,3,53,'2016-02-27T12:42:33-08:00'),(63,51,94,'2016-07-24T21:47:00-07:00'),(64,98,3,'2016-05-28T18:00:06-07:00'),(65,83,29,'2015-12-12T23:57:23-08:00'),(66,45,27,'2015-05-26T18:52:18-07:00'),(67,35,60,'2016-01-30T16:40:02-08:00'),(68,10,13,'2017-04-18T21:19:11-07:00'),(69,99,97,'2016-11-27T00:32:28-08:00'),(70,82,52,'2016-10-06T06:13:09-07:00');
INSERT INTO purchases (id,order_id,item_id,created_at) VALUES (71,70,10,'2015-09-20T13:24:33-07:00'),(72,6,46,'2016-11-01T06:51:48-07:00'),(73,92,14,'2015-10-17T11:25:38-07:00'),(74,19,58,'2015-10-30T20:42:27-07:00'),(75,88,4,'2017-03-08T06:33:00-08:00'),(76,75,57,'2016-10-08T04:44:51-07:00'),(77,76,94,'2017-02-05T12:32:22-08:00'),(78,47,34,'2016-07-09T04:00:33-07:00'),(79,24,89,'2016-08-17T14:39:48-07:00'),(80,27,81,'2016-06-27T04:54:05-07:00');
INSERT INTO purchases (id,order_id,item_id,created_at) VALUES (81,64,27,'2016-12-16T03:46:35-08:00'),(82,73,67,'2016-01-10T22:17:46-08:00'),(83,60,51,'2015-06-11T19:57:06-07:00'),(84,21,75,'2016-11-16T12:49:51-08:00'),(85,67,75,'2016-03-03T14:32:35-08:00'),(86,57,94,'2017-02-28T01:24:30-08:00'),(87,58,69,'2016-11-06T14:55:41-08:00'),(88,25,38,'2017-02-21T17:49:36-08:00'),(89,3,15,'2016-12-12T14:36:48-08:00'),(90,48,29,'2015-05-20T12:25:34-07:00');
INSERT INTO purchases (id,order_id,item_id,created_at) VALUES (91,89,76,'2016-04-20T12:52:47-07:00'),(92,9,75,'2016-10-09T15:04:34-07:00'),(93,35,24,'2016-08-31T11:06:19-07:00'),(94,47,16,'2016-11-02T08:56:33-07:00'),(95,42,15,'2017-05-19T13:52:00-07:00'),(96,30,13,'2016-06-08T18:43:03-07:00'),(97,72,43,'2016-11-16T18:08:05-08:00'),(98,59,78,'2017-01-21T12:12:24-08:00'),(99,7,34,'2016-09-08T13:07:20-07:00'),(100,58,75,'2017-01-30T01:49:20-08:00');

DROP TABLE IF EXISTS "users";

CREATE TABLE "users" (
  id integer,
  first_name varchar(255) default NULL,
  last_name varchar(255) default NULL,
  street varchar(255) default NULL,
  city varchar(255),
  zip varchar(10) default NULL,
  date_of_birth date,
  role varchar(255) NULL,
  active boolean NULL,
  created_at timestamp,
  updated_at timestamp
);

INSERT INTO "users" (id,first_name,last_name,street,city,zip,date_of_birth,role,active,created_at,updated_at) VALUES (1,'Warren','Ward','7026 Integer Ave','Sambhal','38946','09/21/1920','admin','true','2016-03-22T19:28:06-07:00','2015-08-24T13:07:51-07:00'),(2,'Colt','Hendrix','886-5029 Gravida Avenue','Rutland','96641','06/30/1984','admin','true','2016-09-04T03:11:34-07:00','2016-03-14T11:45:07-07:00'),(3,'Alexis','Cox','920-4111 Arcu. Ave','Malkajgiri','54773','11/14/1920','admin','true','2015-10-15T05:25:34-07:00','2017-02-27T21:42:17-08:00'),(4,'Malcolm','Mcfarland','Ap #957-5945 Ac, Rd.','Jönköping','367827','10/28/1956','admin','true','2017-03-24T14:25:53-07:00','2015-06-22T14:58:17-07:00'),(5,'Dakota','Wiggins','9834 Mauris St.','San Demetrio Corone','4018','04/14/1926','admin','true','2016-01-31T20:27:47-08:00','2016-03-09T19:13:40-08:00'),(6,'Madeline','Powers','924-9918 Nunc St.','Montone','73-889','04/20/1921','admin','true','2016-07-19T16:32:24-07:00','2015-08-06T12:17:45-07:00'),(7,'Brock','Moody','P.O. Box 780, 9235 Etiam Rd.','Liberchies','16351','04/30/1991','admin','true','2017-03-03T03:40:03-08:00','2017-03-26T13:42:52-07:00'),(8,'Savannah','Vinson','548-1584 Et Ave','Hoyerswerda','6332','07/31/1950','admin','true','2016-04-25T13:31:45-07:00','2017-01-26T15:03:01-08:00'),(9,'Julie','Villarreal','7517 Pellentesque Avenue','Whittlesey','257797','06/12/1947','admin','true','2015-09-19T15:36:02-07:00','2016-03-21T17:00:31-07:00'),(10,'Kendall','Moody','Ap #868-2352 Convallis Street','Hamilton','25415','07/14/1990','admin','true','2016-06-23T22:28:02-07:00','2016-08-29T17:57:50-07:00');
INSERT INTO "users" (id,first_name,last_name,street,city,zip,date_of_birth,role,active,created_at,updated_at) VALUES (11,'Curran','Huber','219 Suspendisse St.','Diksmuide','4622','07/20/1923','user','false','2015-08-31T23:49:49-07:00','2016-12-26T11:07:21-08:00'),(12,'Lillian','Banks','525-9998 Maecenas Av.','Port Hope','80-649','11/26/1954','user','false','2017-01-18T04:05:44-08:00','2016-01-06T12:44:34-08:00'),(13,'Mara','Weiss','150-1336 Donec Road','Brindisi','11054','10/16/1977','user','false','2015-08-03T11:55:10-07:00','2017-02-26T17:55:02-08:00'),(14,'Cullen','Morin','Ap #360-738 Mauris Rd.','Moere','T0X 5B6','04/28/1935','user','false','2016-05-14T05:13:48-07:00','2016-05-21T13:15:32-07:00'),(15,'Athena','Weiss','523-2709 Nullam Ave','San Zenone degli Ezzelini','76253','03/12/1950','user','false','2016-10-07T18:56:42-07:00','2015-12-07T07:42:57-08:00'),(16,'Jelani','Pace','676-2599 Vitae St.','Sevilla','57433','10/10/1978','user','false','2016-08-19T14:59:54-07:00','2016-04-27T01:52:29-07:00'),(17,'Cadman','Mercer','964-6180 Ut Street','Dole','W9 7LW','11/07/1936','user','false','2017-05-26T08:14:52-07:00','2017-06-09T09:03:56-07:00'),(18,'Nevada','Marshall','470-5712 Dis Rd.','Orange','J34 0ZO','08/23/1934','user','false','2016-11-29T02:02:44-08:00','2015-08-30T03:32:12-07:00'),(19,'Joelle','Marsh','411-9278 Enim. Av.','Aartrijke','97-886','03/28/1973','user','false','2016-09-14T07:56:42-07:00','2016-03-08T21:49:29-08:00'),(20,'Aline','Moore','Ap #793-7635 Morbi Road','Shreveport','5633','03/25/1948','user','false','2017-02-21T20:57:12-08:00','2016-11-05T01:28:03-07:00');
INSERT INTO "users" (id,first_name,last_name,street,city,zip,date_of_birth,role,active,created_at,updated_at) VALUES (21,'Whoopi','Madden','Ap #812-7506 Ut Road','Saltcoats','784920','12/28/1924','user','true','2016-12-24T22:33:09-08:00','2016-02-03T16:50:20-08:00'),(22,'Glenna','Hines','P.O. Box 818, 1316 Eget St.','ZŽtrud-Lumay','61721-939','12/19/1935','user','true','2016-03-27T22:36:04-07:00','2015-10-06T13:31:57-07:00'),(23,'Xander','Solomon','101-849 Leo, St.','Bydgoszcz','70335','12/16/1972','user','true','2016-07-07T16:54:51-07:00','2015-11-27T12:41:48-08:00'),(24,'Anastasia','Banks','Ap #991-5153 Nisi Road','Qualicum Beach','8990','05/06/1990','user','true','2015-07-30T00:39:48-07:00','2016-11-04T12:34:38-07:00'),(25,'Aretha','Tyson','Ap #597-7079 Placerat. Road','Hapur','3193','05/14/1985','user','true','2017-04-12T10:42:05-07:00','2016-10-19T13:33:45-07:00'),(26,'Marvin','Obrien','Ap #705-2953 Rhoncus. Road','Völkermarkt','713992','02/25/1992','user','true','2016-06-12T08:34:22-07:00','2017-03-28T01:42:17-07:00'),(27,'Anthony','Meyers','565-4346 A Street','Lamorteau','12145','04/16/1929','user','true','2017-02-10T07:57:32-08:00','2015-12-07T05:19:39-08:00'),(28,'Yuli','Snyder','283-1859 Quis Rd.','Alwar','61416','03/10/1949','user','true','2015-08-31T12:10:56-07:00','2017-06-08T06:47:55-07:00'),(29,'Patricia','Cruz','Ap #750-2660 Elit St.','Chippenham','99006','09/07/1940','user','true','2015-12-28T10:36:08-08:00','2015-07-05T23:24:12-07:00'),(30,'Ignatius','Nichols','P.O. Box 116, 3009 Ipsum Avenue','Ruda','97-267','01/03/1963','user','true','2015-08-19T12:48:49-07:00','2016-10-14T21:26:30-07:00');
INSERT INTO "users" (id,first_name,last_name,street,city,zip,date_of_birth,role,active,created_at,updated_at) VALUES (31,'Juliet','Fisher','Ap #188-6938 Nec, Road','Sombreffe','20208','01/28/1982','user','false','2017-02-26T09:33:39-08:00','2017-05-27T05:40:09-07:00'),(32,'Zane','Brock','Ap #369-9881 Arcu Rd.','Relegem','J8 0KL','08/27/1977','user','false','2016-11-05T01:40:26-07:00','2016-03-15T11:28:55-07:00'),(33,'Eden','Burns','9837 Eget, Av.','Llandovery','84771','10/04/1982','user','false','2017-04-21T00:35:14-07:00','2017-04-06T09:48:30-07:00'),(34,'Virginia','Gonzales','624-5100 Dui St.','Vilna','074764','05/23/1932','user','false','2016-05-19T04:16:15-07:00','2016-11-19T13:39:39-08:00'),(35,'Shaine','Alston','Ap #269-184 Nunc Ave','Lowell','9974','03/14/1956','user','false','2016-12-30T12:17:31-08:00','2015-12-19T19:13:00-08:00'),(36,'Gwendolyn','Clements','P.O. Box 913, 2828 Ac Rd.','Castello dell''Acqua','M0S 6K1','09/04/1923','user','false','2015-11-22T07:56:22-08:00','2016-01-19T23:06:42-08:00'),(37,'Irma','Salinas','P.O. Box 975, 311 Purus Ave','Aalbeke','1222UU','06/03/1931','user','false','2016-04-28T16:54:45-07:00','2016-04-27T19:42:55-07:00'),(38,'Wendy','Mcclure','Ap #619-4224 Pellentesque Ave','Embourg','2429','05/13/1976','user','false','2015-12-07T22:16:52-08:00','2016-10-17T15:50:54-07:00'),(39,'Thor','Hays','Ap #326-573 Integer Av.','Montpelier','79519','02/06/1926','user','false','2017-05-07T07:48:59-07:00','2016-04-16T01:12:50-07:00'),(40,'Naomi','Gonzalez','793-1609 At Rd.','Provost','272827','12/03/1925','user','false','2016-09-25T21:17:57-07:00','2015-09-21T07:38:05-07:00');
INSERT INTO "users" (id,first_name,last_name,street,city,zip,date_of_birth,role,active,created_at,updated_at) VALUES (41,'Holly','Dawson','2310 Malesuada Rd.','Cumberland','08235','07/31/1935','user','true','2016-01-26T10:45:37-08:00','2016-08-18T07:06:47-07:00'),(42,'Breanna','Silva','Ap #703-3989 Ut St.','Lucknow','09404','01/06/1980','user','true','2016-11-11T08:33:28-08:00','2016-07-01T15:02:52-07:00'),(43,'Lyle','Robertson','Ap #560-3220 Ipsum Ave','Nanded','44749','04/01/1943','user','true','2016-10-02T00:14:01-07:00','2015-10-12T18:47:45-07:00'),(44,'Erica','Cherry','P.O. Box 601, 3205 Ut, St.','Noragugume','6585','06/24/1973','user','true','2016-04-30T19:19:54-07:00','2015-07-28T04:50:30-07:00'),(45,'Ulysses','Craft','P.O. Box 134, 6814 Ac Rd.','Saint Paul','6050','09/20/1945','user','true','2016-03-04T03:25:08-08:00','2015-10-09T07:45:58-07:00'),(46,'Xandra','Acevedo','8977 Cras Ave','Lakeland County','7116','11/27/1966','user','true','2015-11-25T06:39:00-08:00','2017-03-30T11:04:49-07:00'),(47,'Wynne','Cherry','P.O. Box 541, 885 Ut Av.','Balclutha','691565','12/10/1936','user','true','2016-01-23T14:23:55-08:00','2017-06-02T07:11:57-07:00'),(48,'Carissa','Clayton','811-5097 Adipiscing Street','Heusden','02516','10/13/1992','user','true','2016-12-13T08:00:35-08:00','2015-06-21T02:17:51-07:00'),(49,'TaShya','Hull','236-9698 Penatibus Rd.','Bouge','14519','05/17/1936','user','true','2015-07-11T21:25:42-07:00','2016-07-26T23:05:25-07:00'),(50,'Maia','Scott','P.O. Box 348, 3204 Ac Ave','Thurso','TH83 9TZ','03/22/1939','user','true','2016-05-19T14:25:49-07:00','2015-07-30T17:29:31-07:00');
INSERT INTO "users" (id,first_name,last_name,street,city,zip,date_of_birth,role,active,created_at,updated_at) VALUES (51,'Hillary','Harrison','923-8022 Nibh. Ave','Daska','579058','08/11/1920','user','false','2016-07-01T23:32:21-07:00','2016-11-10T12:11:31-08:00'),(52,'Isabelle','Johns','889-8206 Orci Av.','Tczew','9651','04/29/1932','user','false','2016-01-25T18:52:36-08:00','2015-09-27T04:30:21-07:00'),(53,'Axel','Allison','P.O. Box 560, 7227 Suspendisse Street','Hubli','51605','05/05/1921','user','false','2015-11-10T18:07:53-08:00','2016-11-15T19:26:33-08:00'),(54,'Isadora','Hatfield','797-9048 Ut, St.','Renca','44-282','04/14/1982','user','false','2016-06-28T04:44:14-07:00','2017-05-16T10:57:40-07:00'),(55,'Carol','Bridges','2831 Eget Rd.','Redwater','6468','01/06/1964','user','false','2016-12-26T22:33:17-08:00','2017-03-10T07:31:13-08:00'),(56,'Cole','Turner','P.O. Box 834, 9177 Odio, Rd.','Idaho Falls','3474','07/29/1991','user','false','2016-10-09T23:23:09-07:00','2016-05-02T17:48:17-07:00'),(57,'Alma','Cooper','P.O. Box 748, 4123 Amet, Rd.','Saumur','9790CH','05/17/1984','user','false','2016-09-09T01:48:25-07:00','2016-04-12T01:05:50-07:00'),(58,'Rinah','Martin','Ap #376-6184 Ut St.','Beuzet','595404','01/12/1937','user','false','2017-03-22T01:23:03-07:00','2016-06-26T09:26:07-07:00'),(59,'Xerxes','Horton','P.O. Box 798, 7128 Sapien St.','Greater Sudbury','P5L 8N9','06/26/1991','user','false','2015-08-11T00:45:28-07:00','2017-02-01T22:24:54-08:00'),(60,'Kessie','Sutton','420-8859 Aliquet St.','Paulatuk','45-363','06/14/1927','user','false','2015-08-12T02:47:38-07:00','2017-06-08T05:54:56-07:00');
INSERT INTO "users" (id,first_name,last_name,street,city,zip,date_of_birth,role,active,created_at,updated_at) VALUES (61,'Derek','Cash','Ap #116-6689 A Rd.','Sint-Ulriks-Kapelle','386221','04/05/1967','admin','true','2015-12-25T18:57:31-08:00','2016-07-23T06:36:19-07:00'),(62,'Porter','Henry','P.O. Box 284, 5914 Aliquet Rd.','Torchiarolo','7049','05/31/1964','admin','true','2016-12-11T07:07:38-08:00','2016-07-02T00:54:16-07:00'),(63,'Sasha','Austin','1597 Sed, Av.','Ekeren','8752','10/21/1975','admin','true','2016-01-15T19:59:44-08:00','2016-03-15T17:39:37-07:00'),(64,'Sarah','Mcmillan','2497 Vestibulum Ave','Mangalore','905254','04/05/1983','admin','true','2016-01-05T21:05:25-08:00','2016-01-12T23:28:18-08:00'),(65,'Fredericka','Raymond','994 Dolor. Street','İzmit','17310','04/27/1982','admin','true','2016-02-26T22:50:20-08:00','2016-10-13T20:20:21-07:00'),(66,'Ruth','Mann','P.O. Box 845, 6218 Sit St.','Habergy','14088-248','08/29/1971','admin','true','2016-05-07T18:00:12-07:00','2017-04-27T10:30:59-07:00'),(67,'Aimee','Short','400-1482 Sem St.','Verdun','3425','04/08/1993','admin','true','2016-08-02T08:54:28-07:00','2017-04-23T05:17:58-07:00'),(68,'Kelsey','Davidson','851-423 Semper Ave','Mathura','08209','11/16/1972','admin','true','2015-08-18T02:05:37-07:00','2017-04-29T09:33:01-07:00'),(69,'Kyle','Francis','P.O. Box 119, 211 In Ave','Herk-de-Stad','S2K 5Y8','05/17/1924','admin','true','2016-09-09T07:00:04-07:00','2017-05-14T19:19:29-07:00'),(70,'Tanek','Hewitt','949 Proin Avenue','Casoli','C4N 8B9','09/19/1972','admin','true','2016-03-06T18:20:14-08:00','2015-12-25T23:47:21-08:00');
INSERT INTO "users" (id,first_name,last_name,street,city,zip,date_of_birth,role,active,created_at,updated_at) VALUES (71,'Renee','Sharp','Ap #523-1838 Ante Ave','Apeldoorn','3758','09/30/1941','user','false','2016-05-04T15:54:04-07:00','2017-05-21T01:14:13-07:00'),(72,'Lance','Sheppard','Ap #795-4844 Eu Rd.','Wrexham','38356','01/25/1986','user','false','2017-01-23T05:38:17-08:00','2017-03-27T01:16:56-07:00'),(73,'Mufutau','Gilmore','Ap #743-2822 Ultrices Road','Bovigny','12203','07/23/1988','user','false','2016-06-25T23:01:01-07:00','2017-02-12T18:14:52-08:00'),(74,'Axel','Ortega','Ap #909-4151 Semper Rd.','Rutland','475763','09/07/1971','user','false','2017-04-26T02:46:49-07:00','2016-04-19T10:38:16-07:00'),(75,'Kim','Mccarthy','P.O. Box 379, 6341 Porta Rd.','Lacombe County','24606','10/07/1974','user','false','2016-09-04T10:41:05-07:00','2015-11-02T12:07:09-08:00'),(76,'Tanisha','Gillespie','757-1732 Placerat. Avenue','Reading','190810','12/16/1972','user','false','2015-10-02T10:10:38-07:00','2016-07-30T16:04:06-07:00'),(77,'Daquan','Garrison','333-6278 Urna. St.','Mariquina','36999','07/13/1965','user','false','2015-12-10T03:01:59-08:00','2016-12-26T04:32:58-08:00'),(78,'Leilani','Neal','9095 Rutrum. Road','Jacksonville','6478FH','11/17/1982','user','false','2016-12-09T06:54:09-08:00','2015-09-28T13:15:42-07:00'),(79,'Wayne','Cleveland','4050 Ligula. Ave','Hattiesburg','79990','06/02/1927','user','false','2015-10-29T13:47:39-07:00','2016-04-25T09:07:09-07:00'),(80,'Geoffrey','Huff','728-1968 Morbi Road','Glabais','99-586','06/28/1931','user','false','2016-02-20T05:40:34-08:00','2015-07-01T19:53:58-07:00');
INSERT INTO "users" (id,first_name,last_name,street,city,zip,date_of_birth,role,active,created_at,updated_at) VALUES (81,'Isaiah','Wilson','224-1370 Enim. Avenue','Invergordon','Y5P 0T1','02/27/1942','user','true','2016-08-08T17:53:37-07:00','2016-11-22T05:01:20-08:00'),(82,'Ciaran','Scott','P.O. Box 598, 932 Sit Ave','Monceau-Imbrechies','33511','06/08/1966','user','true','2015-09-11T06:22:44-07:00','2015-08-02T09:13:43-07:00'),(83,'Mia','Blevins','Ap #999-290 Blandit Rd.','Lincoln','7950','10/04/1929','user','true','2016-02-28T12:07:47-08:00','2015-12-17T04:07:26-08:00'),(84,'Fleur','Wilcox','Ap #581-5655 Dapibus Avenue','ThimŽon','51018','04/23/1952','user','true','2016-09-24T01:42:38-07:00','2016-09-04T20:03:54-07:00'),(85,'Donna','Carter','P.O. Box 502, 6253 Ante Rd.','Gruitrode','28028','10/05/1980','user','true','2016-07-22T03:08:07-07:00','2015-10-11T22:45:49-07:00'),(86,'Wallace','Mcdowell','894-4396 A, Street','Grande Cache','065410','01/13/1948','user','true','2015-12-26T12:40:39-08:00','2016-06-17T03:31:23-07:00'),(87,'Grady','Combs','P.O. Box 919, 3098 Eget Avenue','Chiaromonte','53710','11/22/1973','user','true','2015-12-19T16:11:10-08:00','2015-06-23T22:38:43-07:00'),(88,'Graham','Williams','P.O. Box 563, 592 Adipiscing Ave','Mission','70502','12/14/1950','user','true','2016-11-11T00:52:35-08:00','2016-01-27T20:31:01-08:00'),(89,'Cailin','Moran','8689 Commodo Av.','Jalgaon','2752OR','11/16/1982','user','true','2016-12-01T07:22:09-08:00','2016-02-05T11:26:50-08:00'),(90,'Ginger','Sosa','Ap #196-427 Sodales Rd.','Bergeggi','20577-240','08/29/1931','user','true','2016-11-07T22:49:39-08:00','2015-08-14T16:01:42-07:00');
INSERT INTO "users" (id,first_name,last_name,street,city,zip,date_of_birth,role,active,created_at,updated_at) VALUES (91,'Cleo','Phillips','P.O. Box 119, 3879 Tincidunt Road','Parchim	City','72229','05/23/1926','user','false','2015-10-15T16:31:47-07:00','2017-05-19T00:57:53-07:00'),(92,'Melissa','Higgins','1178 Dis St.','Ham-sur-Sambre','60928','03/22/1945','user','false','2015-11-05T01:34:02-08:00','2015-10-06T09:27:20-07:00'),(93,'Seth','Cash','P.O. Box 450, 9591 Nec St.','Ch‰tillon','9375','04/15/1923','user','false','2016-12-26T15:15:10-08:00','2016-04-20T17:50:11-07:00'),(94,'Samson','Frederick','P.O. Box 130, 6297 Vel Road','Moio Alcantara','8826','04/25/1960','user','false','2015-12-13T03:07:20-08:00','2016-08-29T18:37:39-07:00'),(95,'Hanna','Anderson','Ap #965-5532 Aliquet St.','Sogliano Cavour','71614','06/28/1938','user','false','2015-09-09T22:22:46-07:00','2015-12-07T16:53:55-08:00'),(96,'Alexa','Roy','P.O. Box 703, 7333 Vulputate, Street','San Rafael','8751','11/09/1966','user','false','2017-02-10T22:23:31-08:00','2017-02-01T21:11:54-08:00'),(97,'Dawn','Blackwell','P.O. Box 635, 2461 Auctor St.','La Rochelle','3902','09/18/1920','user','false','2016-03-06T20:09:35-08:00','2016-06-05T23:39:06-07:00'),(98,'Kerry','Floyd','P.O. Box 776, 9064 Aliquam Rd.','Holywell','52729','08/08/1945','user','false','2016-04-25T17:48:23-07:00','2015-08-28T10:07:44-07:00'),(99,'Jelani','Reed','6451 Ut Road','Rockford','29011','11/01/1951','user','false','2015-10-02T07:14:06-07:00','2016-10-02T18:51:32-07:00'),(100,'Armand','Durham','Ap #373-1294 Pede, Road','Vaux-lez-Rosieres','35959','04/26/1974','user','false','2016-08-15T02:17:16-07:00','2015-08-05T03:18:08-07:00');
